Contributor,Analysts,count
BofA Global Research,ALASTAIR RYAN,1
BofA Global Research,ALEC STRANAHAN,1
BofA Global Research,ALEXANDER BERGLUND,1
BofA Global Research,ALEXANDER JONES,1
BofA Global Research,ALEXANDER PERRY,1
BofA Global Research,ALEXANDER VIRGO,1
BofA Global Research,AMISH SHAH,1
BofA Global Research,ANAND SWAMINATHAN,1
BofA Global Research,ANDREA PISTACCHI,1
BofA Global Research,ANDREW B. OBIN,1
BofA Global Research,ANDREW STIMPSON,1
BofA Global Research,ANUJ SINGLA,1
BofA Global Research,ARIC LI,1
BofA Global Research,ARNAUD LEHMANN,1
BofA Global Research,ARTHUR PEREIRA,1
BofA Global Research,ASHLEY WALLACE,1
BofA Global Research,BENJAMIN HEELAN,1
BofA Global Research,BENJAMIN LACAILLE,1
BofA Global Research,BILLY NG,1
BofA Global Research,BLAIR T. STEWART,1
BofA Global Research,BOB HOPKINS,1
BofA Global Research,BRYAN GOLDBERG,1
BofA Global Research,BRYAN SONG,1
BofA Global Research,CAITLIN M. DULLANTY,1
BofA Global Research,CATHERINE TENNYSON,1
BofA Global Research,CHASE MULVEHILL,1
BofA Global Research,CHRIS (SUN HO) S. YUN,1
BofA Global Research,CHRISTOPHER M. CAREY,1
BofA Global Research,DAI SHEN,1
BofA Global Research,DANY ASAD,1
BofA Global Research,DAVID A. BEKER,1
BofA Global Research,DAVID AMIRA,1
BofA Global Research,DAVID BARKER,1
BofA Global Research,DAVID CHU,1
BofA Global Research,DAVID ROUX,1
BofA Global Research,DEREK R. HEWETT,1
BofA Global Research,EDWARD LEUNG,1
BofA Global Research,EMERSON CHAN,1
BofA Global Research,EMMA XU,1
BofA Global Research,EMMA YOUNG,1
BofA Global Research,ERIC DU,1
BofA Global Research,ERIC NEGUELOUART,1
BofA Global Research,EVA QUIROGA,1
BofA Global Research,FAN TSO,1
BofA Global Research,FRANK MCGANN,1
BofA Global Research,FUTOSHI SASAKI,1
BofA Global Research,GARY E. BISBEE,1
BofA Global Research,GEOFF C. MEACHAM,1
BofA Global Research,GIRISH BAKHRU,1
BofA Global Research,GREG HARRISON,1
BofA Global Research,HUBERT LAM,1
BofA Global Research,ILYA OGORODNIKOV,1
BofA Global Research,IVY MA,1
BofA Global Research,JACQUELINE LI,1
BofA Global Research,JAMES REDFERN,1
BofA Global Research,JAMES YEO,1
BofA Global Research,JASON MITCHELL,1
BofA Global Research,JASON R. FAIRCLOUGH,1
BofA Global Research,JEAN-BAPTISTE ROLLAND,1
BofA Global Research,JEREMY KIM,1
BofA Global Research,JESSIE LO,1
BofA Global Research,JI YEON LEE,1
BofA Global Research,JOHN MORRIS,1
BofA Global Research,JORDAN YOUNG,1
BofA Global Research,JOSHUA SHANKER,1
BofA Global Research,KAI MUELLER,1
BofA Global Research,KAREN KOSTANIAN,1
BofA Global Research,KARL CHOI,1
BofA Global Research,KAUTILYA JAIN,1
BofA Global Research,KENJIN HOTTA,1
BofA Global Research,KEVIN KERDOUDI,1
BofA Global Research,KIRANJOT GREWAL,1
BofA Global Research,LAWSON WINDER,1
BofA Global Research,LORENZO MARGIOTTA,1
BofA Global Research,LOUISE LI,1
BofA Global Research,LUCY YU,1
BofA Global Research,LYANNE HARRISON,1
BofA Global Research,LYNN WU,1
BofA Global Research,MARC MOZZI,1
BofA Global Research,MARCIN K. WOJTAL,1
BofA Global Research,MARKUS KULESSA,1
BofA Global Research,MATTHEW DEYOE,1
BofA Global Research,MATTHEW J. YATES,1
BofA Global Research,MATTY ZHAO,1
BofA Global Research,MAX LEWIS,1
BofA Global Research,MICHAEL FENIGER,1
BofA Global Research,MICHAEL LI,1
BofA Global Research,MICHAEL S. JACKS,1
BofA Global Research,MIKE YANG,1
BofA Global Research,MIKEL ZABALA,1
BofA Global Research,MING HSUN LEE,1
BofA Global Research,MIRANDA ZHUANG,1
BofA Global Research,MIRCO BADOCCO,1
BofA Global Research,MUNEEBA KAYANI,1
BofA Global Research,NATHAN GEE,1
BofA Global Research,NICOLE INUI,1
BofA Global Research,OLIVIA DU,1
BofA Global Research,PATRICK A. WOOD,1
BofA Global Research,PATRICK MANN,1
BofA Global Research,PAUL DEWBERRY,1
BofA Global Research,PETER A. BISZTYGA,1
BofA Global Research,PETER SMITH,1
BofA Global Research,PINAKI DAS,1
BofA Global Research,PRASAD DESHMUKH,1
BofA Global Research,QIAN WANG,1
BofA Global Research,RAYMOND SPENCER,1
BofA Global Research,RICHARD J. CICIARELLI,1
BofA Global Research,ROHITH CHANDRA-RAJAN,1
BofA Global Research,RONALD J. J. EPSTEIN,1
BofA Global Research,RONALD LEUNG,1
BofA Global Research,ROSS P. GILARDI,1
BofA Global Research,RYAN A. CARY,1
BofA Global Research,RYAN FOO,1
BofA Global Research,RYAN GEE,1
BofA Global Research,SASHANK LANKA,1
BofA Global Research,SCOTT CASHER,1
BofA Global Research,SCOTT D. PUCKHABER,1
BofA Global Research,SHERRY GUO,1
BofA Global Research,SHIRLEY WU,1
BofA Global Research,SIRICHAI CHALOKEPUNRAT,1
BofA Global Research,SOPHIE D. SPARTALIS,1
BofA Global Research,SUSIE LEE,1
BofA Global Research,SWATI CHOPRA,1
BofA Global Research,TATSUYUKI ARAI,1
BofA Global Research,TAZEEN AHMAD,1
BofA Global Research,THOMAS ZHU,1
BofA Global Research,TIMNA TANNERS,1
BofA Global Research,TOBY S. OGG,1
BofA Global Research,TOBY WILLIAMS,1
BofA Global Research,TOMOYOSHI OMURO,1
BofA Global Research,TRAVIS STEED,1
BofA Global Research,UJJWAL PRADHAN,1
BofA Global Research,VAN LIU,1
BofA Global Research,VARUN MALHOTRA,1
BofA Global Research,VICTOR CHENG,1
BofA Global Research,VICTORIA LAMBERT,1
BofA Global Research,VLAD SERGIEVSKII,1
BofA Global Research,WENQING HAN,1
BofA Global Research,XIAO BING WANG,1
BofA Global Research,ZEXI WU,1
JPMorgan,AAYUSH GUPTA,1
JPMorgan,ADRIAN E. HUERTA,1
JPMorgan,AJAY MIRCHANDANI,1
JPMorgan,AKANKSHA GUPTA,1
JPMorgan,AKASH GUPTA,1
JPMorgan,ALBERT HUNG,1
JPMorgan,ALBERTO LOPEZ RUEDA,1
JPMorgan,AMANDA K. DOUGLAS,1
JPMorgan,ANDREAS WILLI,1
JPMorgan,ANDREW J. WILSON,1
JPMorgan,ANKUR RUDRA,1
JPMorgan,ANQI HU,1
JPMorgan,ANUPAM RAMA,1
JPMorgan,ASHIK MUSADDI,1
JPMorgan,BENJAMIN ARNSTEIN,1
JPMorgan,BENNY KURNIAWAN,1
JPMorgan,BINH PHUNG,1
JPMorgan,BORJA OLCESE,1
JPMorgan,CHIARA X. BATTISTINI,1
JPMorgan,CHRISTIAN D. MOORE,1
JPMorgan,CHRISTOPHER T. SCHOTT,1
JPMorgan,CONNOR ALLEN,1
JPMorgan,CORY W. KASIMOV,1
JPMorgan,DAIRO MURATA,1
JPMorgan,DANIEL ANDREW TAN,1
JPMorgan,DANIEL R. KERVEN,1
JPMorgan,DAVID A. LOW,1
JPMorgan,DAVID H. PERRY,1
JPMorgan,DAVID J. ADLINGTON,1
JPMorgan,DELPHINE LEE,1
JPMorgan,DEREK CHOI,1
JPMorgan,DOMINGOS FALAVINA,1
JPMorgan,DS KIM,1
JPMorgan,ERIC JOSEPH,1
JPMorgan,FINTAN RYAN,1
JPMorgan,GEORGE CAI,1
JPMorgan,GEORGINA S. JOHANAN,1
JPMorgan,GUNJAN PRITHYANI,1
JPMorgan,GURJIT S. KAMBO,1
JPMorgan,HAOSHUN LIU,1
JPMorgan,HARSH W. MODI,1
JPMorgan,HARUKA MORI,1
JPMorgan,HENRY WIBOWO,1
JPMorgan,HISASHI MORIYAMA,1
JPMorgan,HOY KIT MAK,1
JPMorgan,IAN LUKETIC,1
JPMorgan,INDRA CAHYA,1
JPMorgan,IPSITA SINGH,1
JPMorgan,JAMIE N. BAKER,1
JPMorgan,JANET LEE,1
JPMorgan,JEANETTE YUTAN,1
JPMorgan,JEFFREY J. ZEKAUSKAS,1
JPMorgan,JEMMY S. HUANG,1
JPMorgan,JIHYUN CHO,1
JPMorgan,JIMMY S. BHULLAR,1
JPMorgan,JJ PARK,1
JPMorgan,JOANNE CHENG,1
JPMorgan,JOHN M. ROYALL,1
JPMorgan,JOSEPH C. GIORDANO,1
JPMorgan,JUN TANABE,1
JPMorgan,KA YU (ANNA) CHEUNG,1
JPMorgan,KAE PORNPUNNARATH,1
JPMorgan,KATHERINE L. LEI,1
JPMorgan,KEITH CORNELIUS,1
JPMorgan,KEVIN YIN,1
JPMorgan,LATIKA CHOPRA,1
JPMorgan,LEO WENG,1
JPMorgan,LUCAS X. FERREIRA,1
JPMorgan,LYNDON FAGAN,1
JPMorgan,MARCUS DIEBEL,1
JPMorgan,MARIE HU,1
JPMorgan,MARK R. MURPHY,1
JPMorgan,MARK STROUSE,1
JPMorgan,MICHAEL REHAUT,1
JPMorgan,MICHAEL W. MUELLER,1
JPMorgan,MICHELLE Z. WEI,1
JPMorgan,MW KIM,1
JPMorgan,NAOMI KUMAGAI,1
JPMorgan,NICK LAI,1
JPMorgan,P.ENG,1
JPMorgan,PABLO S. SINGZON,1
JPMorgan,PATRICK JONES,1
JPMorgan,PAUL COSTER,1
JPMorgan,PAUL J. CHUNG,1
JPMorgan,PEITING LIANG,1
JPMorgan,PETER K. PENG,1
JPMorgan,PHIL M. GRESH,1
JPMorgan,PO WEI,1
JPMorgan,PUNEET JAIN,1
JPMorgan,QIAN YAO,1
JPMorgan,QIANQIAN PU,1
JPMorgan,RAJAT GUPTA,1
JPMorgan,RANJAN SHARMA,1
JPMorgan,RAUL SINHA,1
JPMorgan,REBECCA Y. WEN,1
JPMorgan,RIE NISHIHARA,1
JPMorgan,RITSUKO TSUNODA,1
JPMorgan,RYAN J. BRINKMAN,1
JPMorgan,RYOTA HIMENO,1
JPMorgan,SAMUEL GOODACRE,1
JPMorgan,SAURABH S. KUMAR,1
JPMorgan,SEBASTIANO PETTI,1
JPMorgan,SETH M. SEIFMAN,1
JPMorgan,SHALIN DOSHI,1
JPMorgan,SHAUN R. COUSINS,1
JPMorgan,SM KIM,1
JPMorgan,SOFIE C. PETERZENS,1
JPMorgan,STEPHANIE YEE,1
JPMorgan,TED T. NYHAN,1
JPMorgan,TOMOTARO SANO,1
JPMorgan,ULISES ARGOTE,1
JPMorgan,VAIBHAV ARYA,1
JPMorgan,VIVEK JUNEJA,1
JPMorgan,WATARU OTSUKA,1
JPMorgan,WILLIAM H. ASHMAN,1
JPMorgan,WILLIAM YANG,1
JPMorgan,YOOJIN KIM,1
JPMorgan,YOUNA KIM,1
JPMorgan,YOUYOU YAN,1
JPMorgan,YUKUN ZHANG,1
JPMorgan,YUXIN LIN,1
Jefferies,ABHINAV SINHA,1
Jefferies,ABHISHEK SARAF,1
Jefferies,ABHISHEK SHARMA,1
Jefferies,AHMED B. FARMAN,1
Jefferies,AKSHAT AGARWAL,1
Jefferies,ALAN SPENCE,1
Jefferies,ALEXIOUS LEE,1
Jefferies,ANDREW GILL,1
Jefferies,ANDREW LEE,1
Jefferies,ANDY J. DOUGLAS,1
Jefferies,ANKUR PANT,1
Jefferies,ANNE LING,1
Jefferies,ANNIE ZHAN,1
Jefferies,ANTHONY MOULDER,1
Jefferies,APOORVA BAHADUR,1
Jefferies,ARYEH GOLD,1
Jefferies,BHASKAR BASU,1
Jefferies,BHASKAR CHAKRABORTY,1
Jefferies,BOYA ZHEN,1
Jefferies,BRIAN JOHNSON,1
Jefferies,BRYAN ROSS,1
Jefferies,CARA LIU,1
Jefferies,CAROLINE R. GULLIVER,1
Jefferies,CHANG LIU,1
Jefferies,CHRIS LIU,1
Jefferies,COLE HATHORN,1
Jefferies,CONSTANTIN HESSE,1
Jefferies,DAVID A. STANTON,1
Jefferies,DAVID J. KERSTENS,1
Jefferies,EDWARD MUNDY,1
Jefferies,GEORGE C. NOTTER,1
Jefferies,GLYNIS M. JOHNSON,1
Jefferies,HAMZAH MAZARI,1
Jefferies,HARRY SEPHTON,1
Jefferies,HARSHIT TOSHNIWAL,1
Jefferies,HIDEYASU BAN,1
Jefferies,HOWARD MA,1
Jefferies,JAMES R. GRZINIC,1
Jefferies,JAMES VANE-TEMPEST,1
Jefferies,JAMES WHEATCROFT,1
Jefferies,JAMES WINCKLER,1
Jefferies,JEFFERIES ASIA EQUITY RESEARCH,1
Jefferies,JEFFERIES GLOBAL HEALTHCARE TEAM,1
Jefferies,JEFFERIES US CONSUMER TEAM,1
Jefferies,JEFFERIES US INDUSTRIALS TEAM,1
Jefferies,JERRY DELLIS,1
Jefferies,JOHN CHOU,1
Jefferies,JOHN COLANTUONI,1
Jefferies,JULIAN ROBERTS,1
Jefferies,KEAN MARDEN,1
Jefferies,KELLY SHI,1
Jefferies,KEN CHONG,1
Jefferies,KEN RUMPH,1
Jefferies,KENNETH C. RUMPH,1
Jefferies,KERITH CHEN,1
Jefferies,KIT LEE,1
Jefferies,KRISHNA GUHA,1
Jefferies,LAVINA QUADROS,1
Jefferies,LINDA TSAI,1
Jefferies,LYRA LI,1
Jefferies,MARK J. LIPACIS,1
Jefferies,MARK YUAN,1
Jefferies,MARTIN J. DEBOO,1
Jefferies,MARTIN PRICE,1
Jefferies,MASAHIRO NAKANOMYO,1
Jefferies,MATTHEW L. HOSE,1
Jefferies,MICHAEL ASPINALL,1
Jefferies,MICHAEL SIMOTAS,1
Jefferies,MIKE PREW,1
Jefferies,MITSUKO MIYASAKO,1
Jefferies,MOLLY WYLENZEK,1
Jefferies,NAOYA MIURA,1
Jefferies,NILANJAN KARFA,1
Jefferies,NITIJ MANGAL,1
Jefferies,OWEN BENNETT,1
Jefferies,PAUL KRATZ,1
Jefferies,PHARM.D.,1
Jefferies,PHILIP KETT,1
Jefferies,PHILIPPE HOUCHOIS,1
Jefferies,PRAKHAR SHARMA,1
Jefferies,PRIYAL WOOLF,1
Jefferies,REX WU,1
Jefferies,RICHARD J. JOHNSON,1
Jefferies,RIZK MAIDI,1
Jefferies,ROB DICKERSON,1
Jefferies,ROGER SAMUEL,1
Jefferies,ROGER SONG,1
Jefferies,SANDY MORRIS,1
Jefferies,SARAVANA BALA,1
Jefferies,SAREE BORODITSKY,1
Jefferies,SCOTT FORBES,1
Jefferies,SHINNOSUKE TAKEUCHI,1
Jefferies,SHO FUKUHARA,1
Jefferies,SHOLTO MACONOCHIE,1
Jefferies,SHUJIN CHEN,1
Jefferies,SIMON P. TOENNESSEN,1
Jefferies,SIMON THACKRAY,1
Jefferies,SONALI SALGAONKAR,1
Jefferies,STEFANO BERTOLINI,1
Jefferies,STEPHEN BARKER,1
Jefferies,SUJI JEONG,1
Jefferies,THANH HA PHAM,1
Jefferies,THOMAS CHONG,1
Jefferies,TOM MILLS,1
Jefferies,ULRICH W. RATHE,1
Jefferies,VANESSA THOMSON,1
Jefferies,VIKRAM BAGRI,1
Jefferies,VIVEK MAHESHWARI,1
Jefferies,WILL KIRKNESS,1
Jefferies,WILLIAM MONTGOMERY,1
Jefferies,YIMING WANG,1
Jefferies,YOSHIHIRO AZUMA,1
Jefferies,ZOEY ZONG,1
Morgan Stanley,ADAM JONAS,1
Morgan Stanley,ADAM MARTIN,1
Morgan Stanley,AI FURUKAWA,1
Morgan Stanley,AISYAH NOOR,1
Morgan Stanley,ALAIN GABRIEL,1
Morgan Stanley,ALEXANDRA THRUM,1
Morgan Stanley,AMIRA SINGH,1
Morgan Stanley,AMY CURRY,1
Morgan Stanley,ANDREW E. HUMPHREY,1
Morgan Stanley,ANDREW R. RUBEN,1
Morgan Stanley,ANDY MENG,1
Morgan Stanley,ANGEL CASTILLO,1
Morgan Stanley,ANNELIES J. VERMEULEN,1
Morgan Stanley,ANVESH AGRAWAL,1
Morgan Stanley,ARISA KATSUYAMA,1
Morgan Stanley,ARTHUR SITBON,1
Morgan Stanley,ATSURO TAKEMURA,1
Morgan Stanley,BART GYSENS,1
Morgan Stanley,BENNY C. WONG,1
Morgan Stanley,BETTY PARK,1
Morgan Stanley,CAMILLE XU,1
Morgan Stanley,CAROLINA B. DORES,1
Morgan Stanley,CEDAR EKBLOM,1
Morgan Stanley,CESAR A. MEDINA,1
Morgan Stanley,CHRIS LI,1
Morgan Stanley,CHRISTOPHER NICHOLSON,1
Morgan Stanley,CHRISTOPHER R. FREMANTLE,1
Morgan Stanley,COURTNEY YAKAVONIS,1
Morgan Stanley,CYNTHIA M. CAMPO,1
Morgan Stanley,DAN SHAW,1
Morgan Stanley,DANIEL P. TOOHEY,1
Morgan Stanley,DANIEL WILKINSON,1
Morgan Stanley,DANIEL YEN,1
Morgan Stanley,DAVID LEBOWITZ,1
Morgan Stanley,DEVIN J. MCDERMOTT,1
Morgan Stanley,DILLON G. CUMMING,1
Morgan Stanley,DOMINIK OLSZEWSKI,1
Morgan Stanley,DYLAN LIU,1
Morgan Stanley,EDWARD STANLEY,1
Morgan Stanley,ELAN LEVY,1
Morgan Stanley,GEOFF F. RUDDELL,1
Morgan Stanley,GILBERT WONG,1
Morgan Stanley,GIRISH ACHHIPALIA,1
Morgan Stanley,GRACE CARTER,1
Morgan Stanley,GUSTAVO GONZALEZ,1
Morgan Stanley,HARUKA MIYAKE,1
Morgan Stanley,HILDY LING,1
Morgan Stanley,HIROTO SEGAWA,1
Morgan Stanley,IGOR KUZMIN,1
Morgan Stanley,IOANNIS MASVOULAS,1
Morgan Stanley,IRENE ZHOU,1
Morgan Stanley,IVAN KACHKOVSKI,1
Morgan Stanley,IZABEL DOBREVA,1
Morgan Stanley,JACK YEUNG,1
Morgan Stanley,JAMES BALES,1
Morgan Stanley,JOHN S. GLASS,1
Morgan Stanley,JONATHAN DENHAM,1
Morgan Stanley,JONATHAN F. GARNER,1
Morgan Stanley,JOON SEOK,1
Morgan Stanley,JOREL GUILLOTY,1
Morgan Stanley,JORGE KURI,1
Morgan Stanley,JOSEPH AYOOLA,1
Morgan Stanley,JOSEPH L. MOORE,1
Morgan Stanley,JOSHUA C. POKRZYWINSKI,1
Morgan Stanley,KATHERINE W. CARPENTER,1
Morgan Stanley,KATIE SELF,1
Morgan Stanley,KAZUO YOSHIKAWA,1
Morgan Stanley,KEVIN LUO,1
Morgan Stanley,KOTA MINESHIMA,1
Morgan Stanley,KRISTINE T. LIWAG,1
Morgan Stanley,KRUPA PATEL,1
Morgan Stanley,LAURA METAYER,1
Morgan Stanley,LAUREN BERRY,1
Morgan Stanley,LEAF LIU,1
Morgan Stanley,LILLIAN LOU,1
Morgan Stanley,LISA JIANG,1
Morgan Stanley,LOUISE S. MILES,1
Morgan Stanley,MAKI SHINOZAKI,1
Morgan Stanley,MARIA-LAURA ADURNO,1
Morgan Stanley,MARTIJN RATS,1
Morgan Stanley,MAYANK MAHESHWARI,1
Morgan Stanley,MELISSA DUNN,1
Morgan Stanley,MIA NAGASAKA,1
Morgan Stanley,MICHAEL K. JUNGLING,1
Morgan Stanley,MICHAEL W. W. PHILLIPS,1
Morgan Stanley,MIGUEL F. RODRIGUES,1
Morgan Stanley,MORGAN STANLEY MUFG RESEARCH,1
Morgan Stanley,NAVINA RAJAN,1
Morgan Stanley,NAWAR CRISTINI,1
Morgan Stanley,NICK P. LORD,1
Morgan Stanley,NIKOLAJ LIPPMANN,1
Morgan Stanley,PINAR O. ERGUN,1
Morgan Stanley,QIANLEI FAN,1
Morgan Stanley,RAY WU,1
Morgan Stanley,RICHARD FELTON,1
Morgan Stanley,RICHARD TAYLOR,1
Morgan Stanley,ROB KOH,1
Morgan Stanley,ROBERTO BROWNE,1
Morgan Stanley,RONALD KAMDEM,1
Morgan Stanley,ROSS A. MACDONALD,1
Morgan Stanley,RYO SASAKI,1
Morgan Stanley,RYOTARO HAYASHI,1
Morgan Stanley,SAMEER BAISIWALA,1
Morgan Stanley,SANATH SUDARSAN,1
Morgan Stanley,SARAH PARK,1
Morgan Stanley,SASIKANTH CHILUKURU,1
Morgan Stanley,SAWYER C. RICE,1
Morgan Stanley,SE-YONG PARK,1
Morgan Stanley,SEAN M. LAAMAN,1
Morgan Stanley,SEAN S. WU,1
Morgan Stanley,SELVIE JUSMAN,1
Morgan Stanley,SHAMOLI RAVISHANKER,1
Morgan Stanley,SHINICHIRO MURAOKA,1
Morgan Stanley,SHINJI KAKIUCHI,1
Morgan Stanley,SHOJI SATO,1
Morgan Stanley,SIMON LEE,1
Morgan Stanley,STELLA PARK,1
Morgan Stanley,STEPHEN C. BYRD,1
Morgan Stanley,STEVEN WALD,1
Morgan Stanley,SUBRAMANIAN IYER,1
Morgan Stanley,SUMEET KARIWALA,1
Morgan Stanley,TAKATO WATABE,1
Morgan Stanley,TEJAS R. SAVANT,1
Morgan Stanley,TETSURO TSUSAKA,1
Morgan Stanley,TIM HSIAO,1
Morgan Stanley,TOBIAS WEIMANN,1
Morgan Stanley,TOMOMI FUJITA,1
Morgan Stanley,TONY SHEN,1
Morgan Stanley,VIKRAM PUROHIT,1
Morgan Stanley,WILKINS TONG,1
Morgan Stanley,YINAN ZHANG,1
Morgan Stanley,YOSHINAO IBARA,1
Morgan Stanley,YU SHIRAKAWA,1
Morgan Stanley,YULINDA HARTANTO,1
Morgan Stanley,YUNCHEN TSAI,1
